method,setting,f1_test,f1_forget,umia,M_U,M_E,minutes
Orig.,-,0.7937718564121702,0.797585777030455,0.500224,0.9860924835507371,0.9885461011281801,1.8676122029622395e-06
Gold,lr=0.001,0.7935963185909041,0.7930929374938758,0.49638400000000005,1.0,1.0,1.2813488483428954
GD,lr=0.001,0.7926059167647478,0.7990012611071651,0.5002880000000001,0.9795165196802853,0.9883563184964789,0.6672881404558818
GD,lr=0.0001,0.7912847775847405,0.8036460412508317,0.49772800000000006,0.9621413224334997,0.9959761175982831,0.6611088752746582
GD,lr=1e-05,0.7905380262817816,0.80333957257262,0.49817599999999995,0.9608713190383275,0.9946384248271337,0.6622002363204956
SRL,lr=0.001,0.7939473340487722,0.7972837022132797,0.4966399999999999,0.9864670642621337,0.9992322948365174,0.7036721746126811
SRL,lr=0.0001,0.7892201699453256,0.8000737055463423,0.4986879999999999,0.9665031220316319,0.993111832929317,0.7033749183019002
SRL,lr=1e-05,0.7924065731421576,0.798046598812832,0.49907200000000007,0.9817385776220767,0.991968426826149,0.6935115933418274
NG,lr=0.001,0.7325026019377288,0.7321810708307732,0.499712,0.6934911851706038,0.9900656746732353,0.034775217374165855
NG,lr=0.0001,0.7918805602050871,0.7966910088011263,0.501056,0.9841849039355901,0.9860817668283738,0.03424199024836223
NG,lr=1e-05,0.794404590185217,0.7978863678469696,0.499456,0.9833353122682493,0.9908263371683943,0.034531128406524655
ANG,lr=0.001,0.355893960751847,0.35751814377284524,0.5164799999999999,0.0728151344433613,0.9414933444516863,1.2624445835749307
ANG,lr=0.0001,0.7838896539526313,0.7803928804638516,0.49504000000000004,0.9349893267447222,0.9959761175982831,1.2506380756696065
ANG,lr=1e-05,0.793719978600931,0.7968572904262493,0.4959999999999999,0.9884037223614203,0.998848663297269,1.2529905398686727
UNSIR,lr=0.001,0.7947400954361463,0.7956146097113451,0.5006079999999999,0.9890638916330889,0.9874079517196102,0.730596911907196
UNSIR,lr=0.0001,0.7899850695853141,0.8024108718357679,0.5007360000000001,0.961955054749541,0.9870288598564454,0.7206817348798116
UNSIR,lr=1e-05,0.7913953913604121,0.8016347153560197,0.500672,0.9682856761280404,0.9872183875916184,0.7232624491055807
CF-k,lr=0.001,0.7924154839851252,0.7977394497346675,0.49728000000000006,0.9826698837273511,0.99731560943722,0.6636510252952575
CF-k,lr=0.0001,0.7890337386953064,0.80333957257262,0.49977599999999994,0.9565448084630477,0.9898756003114207,0.653562064965566
CF-k,lr=1e-05,0.7923501025078563,0.7989126783601816,0.503296,0.9790252248508562,0.9794775125029317,0.6514037092526753
EU-k,lr=0.001,0.7901145249201678,0.7995187687469059,0.500544,0.9707145057567055,0.9875975522474083,6.481480125586192
EU-k,lr=0.0001,0.7899794033537666,0.7994382066528671,0.500544,0.9705556337452739,0.9875975522474083,6.480860527356466
EU-k,lr=1e-05,0.7479431449374474,0.7538994993828008,0.498944,0.7752731692413273,0.9923494158472609,6.436236838499705
SalUn,lr=0.001,0.7929095784598866,0.797585777030455,0.49824,0.9845813643127187,0.994447472581569,0.5811631083488464
SalUn,lr=0.0001,0.7895174616661361,0.8000737055463423,0.4976,0.9673655066731408,0.9963586458681684,0.575912880897522
SalUn,lr=1e-05,0.7925848972033238,0.798046598812832,0.49983999999999995,0.9822639209620798,0.9896855624403804,0.5769206285476685
BT,lr=0.001,0.7935340058778049,0.798244765895872,0.49824,0.9844792839334857,0.994447472581569,1.1551677385965984
BT,lr=0.0001,0.7917254136429018,0.7968087855819636,0.4995200000000001,0.983379412634254,0.9906361167734,1.162562104066213
BT,lr=1e-05,0.7943395223921894,0.7971848990051649,0.49580799999999997,0.9855992019256632,0.9982734921324078,1.1516613364219666
SCRUB,lr=0.001,0.7933769591737858,0.8016356904977169,0.49817599999999995,0.9740561411046461,0.9946384248271337,0.6416385571161906
SCRUB,lr=0.0001,0.7936285085180969,0.8008100430611527,0.49798400000000004,0.9770202636355964,0.9952115015900972,0.6449045260747274
SCRUB,lr=1e-05,0.7903115466233729,0.8027705468848549,0.49856,0.961859254536636,0.993493261102684,0.6421090006828308
FF,alpha=1e-06,0.778737193538831,0.7888224897548954,0.49664,0.9442269596523504,0.9992322948365171,0.13222206036249798
FF,alpha=1e-07,0.7861881879964687,0.7961805636224241,0.502464,0.9690032916234156,0.9819253419945098,0.06587458848953247
FF,alpha=1e-08,0.7659330225450403,0.7816158414971986,0.498752,0.8892106000069491,0.9929211737612603,0.07181863387425741
SSD,lr=0.001,0.7937718564121702,0.797585777030455,0.49817600000000006,0.9860924835507371,0.9946384248271334,0.5734986066818237
SSD,lr=0.0001,0.7937718564121702,0.797585777030455,0.499136,0.9860924835507371,0.9917779871709904,0.5708130240440369
SSD,lr=1e-05,0.7937718564121702,0.797585777030455,0.49792,0.9860924835507371,0.9954026005433152,0.5691622654596965
